<?xml version="1.0"?>

<valgrindoutput>

<protocolversion>4</protocolversion>
<protocoltool>memcheck</protocoltool>

<preamble>
  <line>Memcheck, a memory error detector</line>
  <line>Copyright (C) 2002-2022, and GNU GPL'd, by Julian Seward et al.</line>
  <line>Using Valgrind-3.19.0 and LibVEX; rerun with -h for copyright info</line>
  <line>Command: /home/pilum/Facultad/programacion2c/C/Sumar/bin/Debug/Sumar 9947389 57267</line>
</preamble>

<pid>24595</pid>
<ppid>3140</ppid>
<tool>memcheck</tool>

<args>
  <vargv>
    <exe>/usr/bin/valgrind</exe>
    <arg>--leak-check=full</arg>
    <arg>--track-origins=yes</arg>
    <arg>--xml=yes</arg>
    <arg>--xml-file=/home/pilum/Facultad/programacion2c/C/Sumar/ValgrindOut.xml</arg>
  </vargv>
  <argv>
    <exe>/home/pilum/Facultad/programacion2c/C/Sumar/bin/Debug/Sumar</exe>
    <arg>9947389</arg>
    <arg>57267</arg>
  </argv>
</args>

